[
  {
    "name": "Hill's Electrical Contracting, Inc.",
    "rating": 4.8,
    "reviews": 21,
    "phone": "(352) 444-0021",
    "website": "https://hillselectricalcontracting.com/",
    "address": "1503 N Donnelly St, Mt Dora, FL 32757, USA",
    "place_id": "ChIJLUOatAKj54gRb4cQJpVmRk0",
    "maps_url": "https://maps.google.com/?cid=5568250780064974703"
  },
  {
    "name": "Jimmy's Electric & AC Services Inc",
    "rating": 4.8,
    "reviews": 50,
    "phone": "(352) 383-4868",
    "website": "https://www.jimmys-electric.com/",
    "address": "1017 Robie Ave, Mt Dora, FL 32757, USA",
    "place_id": "ChIJOf7ZCHei54gRW3sVE4HAgvQ",
    "maps_url": "https://maps.google.com/?cid=17618856352830290779"
  },
  {
    "name": "HUGHES ELECTRIC SERVICES LLC",
    "rating": 4.8,
    "reviews": 56,
    "phone": "(352) 483-4848",
    "website": "http://www.hugheselectricservice.com/",
    "address": "30 E Herrick Ave, Eustis, FL 32726, USA",
    "place_id": "ChIJE3YZAjG954gRjRxkqZ4U-XA",
    "maps_url": "https://maps.google.com/?cid=8140560473128180877"
  },
  {
    "name": "Welker's Electric, Inc.",
    "rating": 4.1,
    "reviews": 8,
    "phone": "(352) 383-4499",
    "website": "",
    "address": "2950 FL-46, Mt Dora, FL 32757, USA",
    "place_id": "ChIJcYDUgBCi54gRUx5Cr9qkJH8",
    "maps_url": "https://maps.google.com/?cid=9161628801128603219"
  },
  {
    "name": "United Electrical Contractors Inc",
    "rating": 3.8,
    "reviews": 10,
    "phone": "(352) 735-2612",
    "website": "http://unitedelectricalcontractors.com/",
    "address": "744 S Rossiter St, Mt Dora, FL 32757, USA",
    "place_id": "ChIJDVtK6W9254gRRLHYDyxyvCM",
    "maps_url": "https://maps.google.com/?cid=2575058620519067972"
  },
  {
    "name": "Timez Electric llc",
    "rating": 4.9,
    "reviews": 120,
    "phone": "(352) 460-5197",
    "website": "https://timezelectric.com/",
    "address": "1603 US-441, Leesburg, FL 34748, USA",
    "place_id": "ChIJPS-jPyL_qo0R_bpg_TDE_Lo",
    "maps_url": "https://maps.google.com/?cid=13473859899874130685"
  },
  {
    "name": "City Electric Supply Mount Dora",
    "rating": 4,
    "reviews": 9,
    "phone": "(352) 729-1100",
    "website": "https://www.cityelectricsupply.com/branches/fl/mount-dora/mount-dora",
    "address": "3601 County Rd 19A, Mt Dora, FL 32757, USA",
    "place_id": "ChIJ___PZ7ei54gRSHvVEm_-pB0",
    "maps_url": "https://maps.google.com/?cid=2136111876291263304"
  },
  {
    "name": "E R Electric Llc",
    "rating": 4.8,
    "reviews": 35,
    "phone": "(352) 308-7502",
    "website": "http://www.erelectricllc.com/",
    "address": "Po bix 1449, 111 E Clifford Ave, Eustis, FL 32727, USA",
    "place_id": "ChIJlQzGpRG854gRNBMX-BiRjEA",
    "maps_url": "https://maps.google.com/?cid=4651252051594384180"
  },
  {
    "name": "Besco Electric Supply Co",
    "rating": 4.5,
    "reviews": 31,
    "phone": "(352) 589-0300",
    "website": "http://www.bescolights.com/",
    "address": "4445 County Rd 19A, Mt Dora, FL 32757, USA",
    "place_id": "ChIJva0S4cui54gRDQFQ4qnLsNI",
    "maps_url": "https://maps.google.com/?cid=15181858274372747533"
  },
  {
    "name": "In Charge Electric, Inc",
    "rating": 4.9,
    "reviews": 1552,
    "phone": "(352) 350-7878",
    "website": "https://www.inchargeelectric.com/?utm_source=google&utm_medium=organic&utm_campaign=google_business_profile",
    "address": "1000 E N Blvd, Leesburg, FL 34748, USA",
    "place_id": "ChIJyYOw34a954gR53Hsm2UIODA",
    "maps_url": "https://maps.google.com/?cid=3474536345017020903"
  },
  {
    "name": "Commercial Electrical Services in Central FL | Futures Electrical Inc.",
    "rating": 5,
    "reviews": 5,
    "phone": "(407) 250-5751",
    "website": "http://futureselectrical.com/",
    "address": "1650 Ken Bragg Wy, Tavares, FL 32778, USA",
    "place_id": "ChIJg4eX-3Nl54gR6sIGJ7Ey20Q",
    "maps_url": "https://maps.google.com/?cid=4961615150924088042"
  },
  {
    "name": "Seventeen Electrical Services",
    "rating": 5,
    "reviews": 9,
    "phone": "(855) 657-1717",
    "website": "https://www.17-es.com/",
    "address": "33441 Shutterfly Way, Sorrento, FL 32776, USA",
    "place_id": "ChIJ7YoNJLuh54gRxgVRXtkoFHg",
    "maps_url": "https://maps.google.com/?cid=8652585698140947910"
  },
  {
    "name": "Blueprint Electric",
    "rating": 4.9,
    "reviews": 108,
    "phone": "(352) 933-2732",
    "website": "https://blueprint-electricllc.com/?utm_source=google&utm_medium=organic&utm_campaign=gmb-listing",
    "address": "33419 Co Rd 468, Leesburg, FL 34748, USA",
    "place_id": "ChIJmcvjJ2bB54gRj4gYQxHwxpM",
    "maps_url": "https://maps.google.com/?cid=10648462325894908047"
  },
  {
    "name": "Dwyer Electrical Services",
    "rating": 0,
    "reviews": 0,
    "phone": "(386) 488-2860",
    "website": "",
    "address": "Round Lake Rd, Mt Dora, FL 32757, USA",
    "place_id": "ChIJSUzuUNeh54gRKvelxWoahZQ",
    "maps_url": "https://maps.google.com/?cid=10701989135400695594"
  },
  {
    "name": "The Price Is Right Electrical Services LLC",
    "rating": 5,
    "reviews": 21,
    "phone": "(321) 400-7582",
    "website": "http://thepriceisrightelectrical.com/",
    "address": "1762 Clarcona Rd, Apopka, FL 32703, USA",
    "place_id": "ChIJkYSeDrB354gRMgGTP54Cslg",
    "maps_url": "https://maps.google.com/?cid=6391173699886842162"
  },
  {
    "name": "Custom Electric",
    "rating": 0,
    "reviews": 0,
    "phone": "(352) 910-4528",
    "website": "http://www.customelectricfl.com/",
    "address": "3411 County Rd 19A, Mt Dora, FL 32757, USA",
    "place_id": "ChIJicdXSQCj54gROZLWt9EJ-R8",
    "maps_url": "https://maps.google.com/?cid=2303883480713826873"
  },
  {
    "name": "Super Fast Electric",
    "rating": 5,
    "reviews": 242,
    "phone": "(407) 789-1550",
    "website": "https://superfastelectric.com/",
    "address": "1070 Bunnell Rd B2, Altamonte Springs, FL 32714, USA",
    "place_id": "ChIJg8-zHThx54gRQ0cwoHyoqJM",
    "maps_url": "https://maps.google.com/?cid=10639939372879726403"
  },
  {
    "name": "Rust Electric Services Inc",
    "rating": 5,
    "reviews": 4,
    "phone": "(352) 669-5384",
    "website": "",
    "address": "49 N Pine Ave, Umatilla, FL 32784, USA",
    "place_id": "ChIJdZCnUB2l54gRRLpY5SLoqTI",
    "maps_url": "https://maps.google.com/?cid=3650704209534827076"
  },
  {
    "name": "Lakeside Electrical Services",
    "rating": 4.6,
    "reviews": 18,
    "phone": "(352) 225-7548",
    "website": "",
    "address": "2204 Griffin Rd, Leesburg, FL 34748, USA",
    "place_id": "ChIJ0e6xf0jA54gR2FpuIEgPNTw",
    "maps_url": "https://maps.google.com/?cid=4338390618497506008"
  },
  {
    "name": "Baugh Electric",
    "rating": 3,
    "reviews": 2,
    "phone": "(352) 735-2888",
    "website": "",
    "address": "2432 Briarwood Ln, Eustis, FL 32726, USA",
    "place_id": "ChIJv2tAHv-i54gRqNW-tB2JToo",
    "maps_url": "https://maps.google.com/?cid=9966053786096948648"
  }
]