[
  {
    "name": "Electrical Professionals of Florida",
    "rating": 5,
    "reviews": 26,
    "phone": "(813) 702-9040",
    "website": "https://www.electricpfl.com/",
    "address": "37903 Tucker Rd, Zephyrhills, FL 33542, USA",
    "place_id": "ChIJWUAmvZZHWi8R7cHHwsEZL6Y",
    "maps_url": "https://maps.google.com/?cid=11974818254188691949"
  },
  {
    "name": "Pattie Electric",
    "rating": 4.2,
    "reviews": 153,
    "phone": "(813) 782-3319",
    "website": "http://www.pattieelectric.com/",
    "address": "39111 Pattie Rd, Zephyrhills, FL 33540, USA",
    "place_id": "ChIJRwX8Nl9M3YgRCwrazsnI1Ew",
    "maps_url": "https://maps.google.com/?cid=5536270611029559819"
  },
  {
    "name": "Mr. Electric of Zephyrhills",
    "rating": 4.6,
    "reviews": 27,
    "phone": "(656) 208-0622",
    "website": "https://mrelectric.com/land-o-lakes/zephyrhills?cid=LSTL_MRE000196&utm_source=gmb&utm_campaign=local&utm_medium=organic",
    "address": "3761 Correia dr, Zephyrhills, FL 33542, USA",
    "place_id": "ChIJB0SXMAJN3YgRLVuBnk9TAEI",
    "maps_url": "https://maps.google.com/?cid=4755892807930043181"
  },
  {
    "name": "Mr. Electric of Land O' Lakes",
    "rating": 4.8,
    "reviews": 629,
    "phone": "(813) 435-9337",
    "website": "https://mrelectric.com/land-o-lakes/?cid=LSTL_MRE000196&utm_source=gmb&utm_campaign=local&utm_medium=organic",
    "address": "2719 Letap Ct UNIT 102, Land O' Lakes, FL 34638, USA",
    "place_id": "ChIJ7SSY7auxwogRxbjYNYISaF8",
    "maps_url": "https://maps.google.com/?cid=6874765181639506117"
  },
  {
    "name": "Ezzell Elec Ent Inc",
    "rating": 5,
    "reviews": 14,
    "phone": "(813) 780-8898",
    "website": "",
    "address": "39525 Otis Allen Rd, Zephyrhills, FL 33540, USA",
    "place_id": "ChIJ3661JGVS3YgRawXbpMNSyRE",
    "maps_url": "https://maps.google.com/?cid=1281646569201534315"
  },
  {
    "name": "Small Jobs Electric, Inc.",
    "rating": 4.8,
    "reviews": 2061,
    "phone": "(813) 303-0052",
    "website": "https://www.smalljobselectric.com/",
    "address": "5002 W Linebaugh Ave Ste C, Tampa, FL 33624, USA",
    "place_id": "ChIJD6hInM3NwogRPl5VKcgM5ko",
    "maps_url": "https://maps.google.com/?cid=5397015257276571198"
  },
  {
    "name": "Martin Electric",
    "rating": 4.7,
    "reviews": 11,
    "phone": "(352) 521-3319",
    "website": "",
    "address": "14801 10th St, Dade City, FL 33523, USA",
    "place_id": "ChIJGT3GDJZU3YgR9dCX-EdBcyQ",
    "maps_url": "https://maps.google.com/?cid=2626514785056313589"
  },
  {
    "name": "Taddeo Electrical Contractors, Inc.",
    "rating": 4.9,
    "reviews": 723,
    "phone": "(352) 556-5276",
    "website": "https://taddeoelectric.com/",
    "address": "18739 Sakera Rd, Hudson, FL 34667, USA",
    "place_id": "ChIJJZLMtCEe6IgRTbVbFywGF5E",
    "maps_url": "https://maps.google.com/?cid=10454831846404109645"
  },
  {
    "name": "Acoma Electric LLC",
    "rating": 4.9,
    "reviews": 32,
    "phone": "(720) 217-5705",
    "website": "https://acomaelectric.com/",
    "address": "31461 Mirada Blvd, San Antonio, FL 33576, USA",
    "place_id": "ChIJ06tC0dz516gRuB5cNEz25js",
    "maps_url": "https://maps.google.com/?cid=4316408100037598904"
  },
  {
    "name": "Young Cardinal Electric",
    "rating": 5,
    "reviews": 48,
    "phone": "(813) 388-7813",
    "website": "https://www.youngcardinalelectric.com/",
    "address": "7105 Maysville Ct, Wesley Chapel, FL 33545, USA",
    "place_id": "ChIJ8xX29S-zwogRwLlZMn1tgv8",
    "maps_url": "https://maps.google.com/?cid=18411398611127089600"
  },
  {
    "name": "Reese Electrical, Inc. EC13001353",
    "rating": 4.8,
    "reviews": 25,
    "phone": "(813) 788-0091",
    "website": "https://www.facebook.com/ReeseElectricalInc",
    "address": "3633 New River Rd, Wesley Chapel, FL 33543, USA",
    "place_id": "ChIJdU2Heq7QQ4cRBT_SkpUhaTU",
    "maps_url": "https://maps.google.com/?cid=3848644282861895429"
  },
  {
    "name": "Aguila Electrical Services Inc",
    "rating": 4.9,
    "reviews": 445,
    "phone": "(813) 515-6999",
    "website": "http://www.aguilaelectrical.com/",
    "address": "5708 N 56th St, Tampa, FL 33610, USA",
    "place_id": "ChIJ1WxlyM3GwogRTeU3U9F9UP0",
    "maps_url": "https://maps.google.com/?cid=18253227627730429261"
  },
  {
    "name": "I & C Electrical Contracting Services",
    "rating": 4.9,
    "reviews": 131,
    "phone": "(813) 598-7488",
    "website": "https://electricalgeneratortampa.com/",
    "address": "8318 N Saulray St, Tampa, FL 33604, USA",
    "place_id": "ChIJwb9N2EXBwogRktOIq88JExs",
    "maps_url": "https://maps.google.com/?cid=1950913851122307986"
  },
  {
    "name": "james o morton electric co inc",
    "rating": 3.6,
    "reviews": 7,
    "phone": "(813) 782-7237",
    "website": "",
    "address": "36906 Eiland Blvd, Zephyrhills, FL 33542, USA",
    "place_id": "ChIJwewl_khN3YgRJ0_uxd_5x88",
    "maps_url": "https://maps.google.com/?cid=14972210225710255911"
  },
  {
    "name": "Hoffman Electrical & A/C",
    "rating": 4.8,
    "reviews": 3980,
    "phone": "(855) 644-1365",
    "website": "https://hoffmanelectrical.com/?utm_source=google&utm_medium=organic&utm_campaign=GMBListing-Tampa-FL",
    "address": "1909 N 57th St, Tampa, FL 33619, USA",
    "place_id": "ChIJVVsfV0ziwogRuqj5fbsAmI4",
    "maps_url": "https://maps.google.com/?cid=10274963355118184634"
  },
  {
    "name": "Instant Electric",
    "rating": 5,
    "reviews": 58,
    "phone": "(813) 680-1507",
    "website": "https://instant-electric.com/",
    "address": "7226 Drifting Sand Dr, Wesley Chapel, FL 33544, USA",
    "place_id": "ChIJlyHs8xmwwogRGozVTd8LErg",
    "maps_url": "https://maps.google.com/?cid=13263676906270985242"
  },
  {
    "name": "DOC Electric",
    "rating": 5,
    "reviews": 310,
    "phone": "(863) 616-3003",
    "website": "https://www.docelectricalservices.com/",
    "address": "1845 Gibsonia-Galloway Rd, Lakeland, FL 33810, USA",
    "place_id": "ChIJ1SsoqXM73YgRpRn87pZIgeg",
    "maps_url": "https://maps.google.com/?cid=16753751901886749093"
  },
  {
    "name": "Hylton Electric LLC",
    "rating": 5,
    "reviews": 102,
    "phone": "(863) 624-7000",
    "website": "http://www.hylton-electric.com/",
    "address": "122 E Main St #115, Lakeland, FL 33801, USA",
    "place_id": "ChIJdwfXpWjZ2EQRBcWsDC0skVw",
    "maps_url": "https://maps.google.com/?cid=6670161095110214917"
  },
  {
    "name": "Exodus Electric Corp",
    "rating": 4.9,
    "reviews": 74,
    "phone": "(813) 444-4445",
    "website": "https://www.exoduselectric.com/?utm_source=omg-gbp&utm_medium=webclick",
    "address": "235 W Brandon Blvd Ste 611, Brandon, FL 33511, USA",
    "place_id": "ChIJsapGJMzNwogRbQXnmQuB_rk",
    "maps_url": "https://maps.google.com/?cid=13402291427927852397"
  },
  {
    "name": "Accurate Electric LLC",
    "rating": 4.9,
    "reviews": 103,
    "phone": "(813) 433-6377",
    "website": "https://www.accurateelectricfl.com/",
    "address": "9220 McIntosh Rd, Dover, FL 33527, USA",
    "place_id": "ChIJ0eI7fhzLwogRS-AroIjCTuA",
    "maps_url": "https://maps.google.com/?cid=16163070004737859659"
  },
  {
    "name": "East Pasco Electric, Inc.",
    "rating": 4.2,
    "reviews": 18,
    "phone": "(813) 782-8622",
    "website": "http://eastpascoelectric.com/",
    "address": "10624 US-301, Dade City, FL 33525, USA",
    "place_id": "ChIJfXwZMatT3YgRAMVo4z_-bvk",
    "maps_url": "https://maps.google.com/?cid=17973582713233917184"
  },
  {
    "name": "Charter Electrical",
    "rating": 4.7,
    "reviews": 211,
    "phone": "(813) 720-7380",
    "website": "https://www.choosecharterelectric.com/?utm_source=google&utm_medium=gmb&utm_campaign=seo",
    "address": "400 Frandorson Cir #100, Apollo Beach, FL 33572, USA",
    "place_id": "ChIJ-12N_KvZwogR0Yh-P7cCpjs",
    "maps_url": "https://maps.google.com/?cid=4298125880439245009"
  },
  {
    "name": "Mister Sparky",
    "rating": 4.8,
    "reviews": 2508,
    "phone": "(813) 358-4850",
    "website": "https://tampamistersparky.com/?utm_source=GBP&utm_medium=organic&utm_campaign=tampagbp",
    "address": "5808 N 56th St, Tampa, FL 33610, USA",
    "place_id": "ChIJ_ZY93THPwogRAFoab36gf8Q",
    "maps_url": "https://maps.google.com/?cid=14159212218366450176"
  },
  {
    "name": "Tru-Line Electric",
    "rating": 4.8,
    "reviews": 1522,
    "phone": "(727) 308-6680",
    "website": "https://www.trulineelectric.com/?utm_source=GMB&utm_medium=organic&utm_campaign=New_Port_Richey",
    "address": "6740 Madison St, New Port Richey, FL 34652, USA",
    "place_id": "ChIJ8XjGiZGNwogR4p3S5LD_dNY",
    "maps_url": "https://maps.google.com/?cid=15453257356633349602"
  },
  {
    "name": "A & G Electrical Technologies",
    "rating": 5,
    "reviews": 5,
    "phone": "(352) 588-0400",
    "website": "http://www.agelectric.biz/",
    "address": "11638 Corporate Lake Blvd, San Antonio, FL 33576, USA",
    "place_id": "ChIJ7WryZoWuwogRaGOYcHudB-M",
    "maps_url": "https://maps.google.com/?cid=16359217324942189416"
  }
]